id,id_institucion,lat,long,geom
5046,26008630,2823700,5257819,01010000209C5600008F6AC3080A8B454169F94AAF960E5441
5047,26008670,2321014,5342300,01010000209C560000E60FA0C33AB541415D273FF916615441
5048,26008680,2616603,4919109,01010000209C5600000B7DCEA68DF643415000CA35D1C35241
5049,26008690,2299106,5226069,01010000209C56000072EBEE10718A4141FFE4735895EF5341
5050,26008770,2826752,5255353,01010000209C560000D79D6EFEFF904541188A7D272E0C5441
5051,26000010,2614795,4919199,01010000209C5600000FA34F7205F34341F8D8F4A8E7C35241
5052,26000020,2614897,4920257,01010000209C560000147851B838F343417AD90E2EF0C45241
5053,26000030,2614781,4919213,01010000209C5600005B788979FEF24341AF80EF3BEBC35241
5054,26000040,2615443,4920081,01010000209C560000AC024D8B49F44341AEC7B720C4C45241
5055,26000060,2616616,4920489,01010000209C56000077765A1794F64341DCE8C45A2AC55241
5056,26000070,2615906,4920062,01010000209C56000000BE011E31F54341B14E7B92BFC45241
5057,26000080,2798191,5203331,01010000209C56000079B9F95437594541EFFF91A360D95341
5058,26000082,2799101,5203106,01010000209C56000099B13752FE5A454178FCBA6E28D95341
5059,26000090,2800277,5203394,01010000209C5600005B7A9C804A5D454111DF727070D95341
5060,26000120,2290197,5345540,01010000209C560000FA0825A20A7941417AAD780141645441
5061,26000130,2308093,5328579,01010000209C5600004D08CD71FE9B41415A1192D4B0535441
5062,26000140,2373972,5303943,01010000209C560000E427BB10AA1C4241ECAD03B4A13B5441
5063,26000150,2330295,5298548,01010000209C560000A1217D855BC74141B217540E5D365441
5064,26000160,2613557,4918940,01010000209C56000060CEF6509AF043417FE6CF01A7C35241
5065,26000170,2619146,4922795,01010000209C560000A9FDA8DF84FB4341666B2BBB6AC75241
5066,26000180,2619307,4922930,01010000209C560000E90F1643D5FB4341D7E6A49E8CC75241
5067,26000200,2284575,5340660,01010000209C560000C8F280490F6E414163BCCEE87C5F5441
5068,26000210,2319960,5342976,01010000209C560000C6E44F072CB34141EF0979E5BF615441
5069,26000211,2316985,5340569,01010000209C560000289E6A965CAD4141DF62452B665F5441
5070,26000220,2290348,5345507,01010000209C5600001CEE1734567941414CABF1AE38645441
5071,26000230,2824935,5256590,01010000209C5600008B88C9AB738D4541CBB5146E630D5441
5072,26000240,2823666,5256675,01010000209C56000075F3D4CDF88A4541CAE716C2780D5441
5073,26000250,2310232,5246513,01010000209C560000362254D62BA041412D385A5F8C035441
5074,26000251,2382362,5121629,01010000209C560000955F7D1B0D2D42411BA84B3197895341
5075,26000260,2322522,5241484,01010000209C560000AEB3D20B2DB8414175A0D2E7A2FE5341
5076,26000270,2301231,5252473,01010000209C5600008CDD7F4F978E4141E70CDE3E5E095441
5077,26000290,2353351,5183214,01010000209C560000D753DB8263F441410F8FDE73BBC55341
5078,26000300,2294461,5222951,01010000209C5600008EE4D47F5E8141411A0A4EA689EC5341
5079,26000310,2424482,5212027,01010000209C56000018960A08517F4241F2D301CFDEE15341
5080,26000320,2614890,4918206,01010000209C560000BCA77AF434F3434128593E7CEFC25241
5081,26000330,2614977,4918739,01010000209C560000FA0C055160F3434126740EBB74C35241
5082,26000340,2614898,4918724,01010000209C5600004209F83B39F3434124BB0C0F71C35241
5083,26000350,2615545,4918973,01010000209C56000099E432A97CF44341F0F2DA22AFC35241
5084,26000360,2614912,4919022,01010000209C5600003DF2A7CA3FF343410A8CC796BBC35241
5085,26000370,2612958,4918167,01010000209C5600007BF54DCF6EEF434140F1D3A4E5C25241
5086,26000380,2613173,4918348,01010000209C560000E25FE8B8DAEF43412C72E4ED12C35241
5087,26000390,2613390,4917936,01010000209C560000E71BC41447F043415C118FE1ABC25241
5088,26000400,2613430,4918112,01010000209C560000A43E5F1A5BF0434106FB0312D8C25241
5089,26000410,2800602,5204048,01010000209C5600008307750EED5D454112CD620714DA5341
5090,26000420,2798882,5204189,01010000209C560000F0A70406915A4541D118DB2237DA5341
5091,26000430,2616566,4920527,01010000209C5600006500FA027BF643414DDD85AA33C55241
5092,26000440,2616688,4920527,01010000209C5600004DBA6FC7B7F64341DFA3EBDD33C55241
5093,26000450,2614817,4919615,01010000209C560000BF1E925C10F343414C0902B04FC45241
5094,26000460,2799949,5202293,01010000209C5600009E2D6B7BA65C4541E4B60D3A5DD85341
5095,26000470,2304356,5322017,01010000209C56000095857230B29441416CC41E30484D5441
5096,26000480,2799232,5204196,01010000209C560000CCC2AD1A405B454185E25DF438DA5341
5097,26000490,2618126,4919904,01010000209C560000E8A664E386F94341EFD90F0098C45241
5098,26000500,2617369,4919299,01010000209C560000D18A6CB50CF84341D4FA46BA00C45241
5099,26000510,2617381,4919305,01010000209C560000CD1DE39912F843410DB96A4002C45241
5100,26000520,2617947,4919632,01010000209C56000069A886B72DF94341586CEEF553C45241
5101,26000530,2617354,4922697,01010000209C560000F2EC720E05F84341D454345052C75241
5102,26000540,2616243,4918906,01010000209C560000260DCB5CD9F5434107E449649EC35241
5103,26000550,2619024,4922600,01010000209C56000077D3401E48FB43411BF289F339C75241
5104,26000560,2799723,5204430,01010000209C5600002632D253355C45417956998D73DA5341
5105,26000570,2799685,5204330,01010000209C5600005D2FD466225C45413EBFF6635ADA5341
5106,26000580,2799567,5204415,01010000209C560000E74DADAEE75B45415D6FC7B36FDA5341
5107,26000582,2801370,5202676,01010000209C56000081D939E86C5F454131690E06BDD85341
5108,26000590,2821754,5255614,01010000209C560000479393013D874541318787776F0C5441
5109,26000600,2824123,5255178,01010000209C56000092040363DD8B4541CA8CC16C020C5441
5110,26000610,2824356,5257931,01010000209C5600004F1CA233528C45413B9F46A3B20E5441
5111,26000620,2310663,5245737,01010000209C5600001BC4836D03A141419B39E856CA025441
5112,26000630,2614560,4918469,01010000209C560000B4A2B80090F243414A3CD75831C35241
5113,26000640,2615492,4918960,01010000209C5600007684963762F443413B0FBF15ACC35241
5114,26000650,2614011,4918324,01010000209C56000045269B637DF1434174399A190DC35241
5115,26000660,2612735,4917543,01010000209C5600005D95BB6CFFEE4341F634DFB349C25241
5116,26000680,2317026,5340566,01010000209C560000DEC9203B71AD414126E5709C655F5441
5117,26000690,2619471,4923278,01010000209C56000089CDBC6027FC43413D01C574E3C75241
5118,26000710,2823895,5256769,01010000209C5600006C3F96806B8B45414BA7F734900D5441
5119,26000711,2823901,5256750,01010000209C56000017AE29956E8B45412395F67E8B0D5441
5120,26000720,2443808,5203103,01010000209C5600000C2666FB0FA54241022400D227D95341
5121,26000730,2310677,5245472,01010000209C560000D626D4B20AA14141B79C01FB87025441
5122,26000740,2311088,5247680,01010000209C560000BA718AE5D7A14141B074431FB0045441
5123,26000750,2310615,5245452,01010000209C5600002E530BBEEBA04141FE52E61B83025441
5124,26000760,2292205,5221336,01010000209C56000049D02B63F67C414140A2661CF6EA5341
5125,26000780,2299227,5226262,01010000209C56000078BC945EAD8A41419448F76FC5EF5341
5126,26000790,2613891,4917804,01010000209C5600005174A08D41F1434190B8FDED8AC25241
5127,26000810,2800506,5204841,01010000209C5600001548A3E2BC5D454115FFDA37DADA5341
5128,26000820,2800472,5204695,01010000209C560000EBC704F0AB5D4541854B58A2B5DA5341
5129,26000830,2799112,5204056,01010000209C5600008A99D711045B4541004AEE1816DA5341
5130,26000840,2362594,5329813,01010000209C560000AB3EB02971064241A52E4D5BE5545441
5131,26000850,2614029,4918510,01010000209C5600004BEDA1B086F14341AD8242973BC35241
5132,26000860,2614010,4919754,01010000209C560000F06B312C7DF14341521E4C9772C45241
5133,26000870,2614236,4919068,01010000209C56000017E2F12FEEF14341C5187911C7C35241
5134,26000880,2613904,4918368,01010000209C5600001CB460E047F143413BE0601A18C35241
5135,26000890,2613949,4919762,01010000209C560000160CC8AA5EF1434111FA977274C45241
5136,26000900,2614055,4920495,01010000209C560000F3A70A4A93F14341794DB2DC2BC55241
5137,26000910,2481631,5321120,01010000209C560000C367957CEFEE424167AFDB16684C5441
5138,26000920,2510948,5265956,01010000209C5600006B1B50FA31284341FF85230A89165441
5139,26000930,2487795,5267712,01010000209C560000105F73A1F9FA42416B75870F40185441
5140,26000940,2507835,5281447,01010000209C56000045EF7D5A1D224341DDF007D7A9255441
5141,26000950,2576986,5274416,01010000209C5600005D97ABF02CA943416D076B10CC1E5441
5142,26000960,2669425,5299900,01010000209C560000513D8377B85D444169071FFFAE375441
5143,26000970,2631617,5318858,01010000209C56000020CA3383E013444133450C6B324A5441
5144,26000980,2816405,5198430,01010000209C560000E9453E4CCA7C4541FCA29B6E97D45341
5145,26000982,2815884,5198630,01010000209C5600003EF3CC1EC67B454121DBFF76C9D45341
5146,26000990,2800595,5204280,01010000209C5600009681ED6CE95D454127967C114EDA5341
5147,26001000,2815809,5198605,01010000209C56000063261042A07B45416DCC072FC3D45341
5148,26001010,2801394,5203766,01010000209C560000C9144EEF785F454151E3F384CDD95341
5149,26001030,2799456,5205021,01010000209C560000B4B69AE5AF5B45412084533A07DB5341
5150,26001040,2800724,5201881,01010000209C560000112E222E2A5E45419513A63AF6D75341
5151,26001050,2816409,5198304,01010000209C56000077DD0580CC7C4541EEE8241678D45341
5152,26001060,2306103,5295695,01010000209C5600005154DC541B984141E375B9A893335441
5153,26001120,2310336,5246442,01010000209C560000C9DC4BFF5FA04141B70729827A035441
5154,26001130,2299479,5227112,01010000209C5600001F23CBA22B8B414190C3B01E9AF05341
5155,26001140,2299760,5227440,01010000209C56000051653F14B88B4141BF4DE1EEEBF05341
5156,26001150,2299331,5224919,01010000209C5600001CE5C2B5E18A4141FB3785D575EE5341
5157,26001160,2299675,5227259,01010000209C560000095E0E998D8B4141F8C72CC3BEF05341
5158,26001170,2309956,5246853,01010000209C5600003BAB93CFA19F41411F661850E1035441
5159,26001171,2310055,5245162,01010000209C560000601AC154D39F4141AF0313743A025441
5160,26001172,2310498,5247616,01010000209C560000A141AB3AB1A04141FF421CE49F045441
5161,26001180,2287034,5103499,01010000209C560000560DC101DD724141852ACDD8E2775341
5162,26001190,2311327,5247635,01010000209C560000C83B4A844FA241411B6AA9A3A4045441
5163,26001192,2299164,5226206,01010000209C560000F128BB328E8A4141A0EA5A81B7EF5341
5164,26001200,2311322,5247679,01010000209C560000E0AF19C74CA24141366293D2AF045441
5165,26001210,2799542,5204484,01010000209C560000237400D5DA5B4541C3FF871181DA5341
5166,26001220,2800481,5204842,01010000209C560000D8B1C6B3B05D45410504F47CDADA5341
5167,26001240,2299574,5323719,01010000209C560000350525E55A8B41415003ADD4F14E5441
5168,26001260,2613674,4919031,01010000209C56000071491F24D5F043411B5642C3BDC35241
5169,26001270,2614923,4920262,01010000209C5600000E11D18945F34341F3E1487CF1C45241
5170,26001280,2614234,4920344,01010000209C5600001B599330EDF143412C1DD1F605C55241
5171,26001290,2613397,4920795,01010000209C56000026E636794AF0434187E476BD76C55241
5172,26001300,2613546,4920135,01010000209C560000BC67EC1795F043415C4BAFC6D1C45241
5173,26001310,2614182,4920568,01010000209C56000081831D3CD3F14341CB6606F83DC55241
5174,26001320,2613083,4920324,01010000209C560000BB64BC58ADEF4341E8743F1E01C55241
5175,26001321,2613091,4920332,01010000209C560000180FF086B1EF4341A9CDC10803C55241
5176,26001330,2558657,5292138,01010000209C5600007492386F608543414ACC4F651A305441
5177,26001340,2618278,4922203,01010000209C5600003163B42FD3F9434137E463ABD6C65241
5178,26001350,2618140,4923248,01010000209C560000B7B4FE048EF943416C34FF0CDCC75241
5179,26001360,2617843,4922836,01010000209C560000955A4E94F9F84341CCE353F074C75241
5180,26001370,2800943,5204432,01010000209C560000ECB83DAC975E45415D50E8F373DA5341
5181,26001380,2817476,5198578,01010000209C5600004401D7F6E17E4541A5508F6ABCD45341
5182,26001390,2800714,5203747,01010000209C56000056CB242A255E454189B08AA0C8D95341
5183,26001410,2816797,5198138,01010000209C560000B3CEA49A8E7D454168E709754ED45341
5184,26001420,2816744,5198222,01010000209C560000F81A89C7737D45415736548E63D45341
5185,26001430,2321328,5342351,01010000209C560000F3BC87C5D7B541413EA7C4D023615441
5186,26001440,2802209,5201058,01010000209C560000EC721E68106145416F3E0E7328D75341
5187,26001450,2800421,5202752,01010000209C56000061CDE3A7925D4541FD5DC9E6CFD85341
5188,26001460,2798987,5204184,01010000209C5600002C675A6CC55A45419C9724FB35DA5341
5189,26001490,2800425,5203767,01010000209C560000C814D5B4945D454168D115D2CDD95341
5190,26001491,2800079,5203499,01010000209C5600001D0B09B9E75C4541FEE80CB98AD95341
5191,26001510,2311369,5246287,01010000209C560000E011237764A24141E00C16C153035441
5192,26001520,2311423,5247619,01010000209C56000097F9AABE7FA24141D8DAF8DAA0045441
5193,26001530,2799589,5204810,01010000209C560000904D36A3F25B45412A94EF8AD2DA5341
5194,26001540,2799476,5204715,01010000209C5600001C1E3CC8B95B45418AB722A3BADA5341
5195,26001550,2801122,5205182,01010000209C560000CD42D23AF15E4541837AE7812FDB5341
5196,26001551,2801131,5205159,01010000209C560000F31DFB80F55E454183F600AF29DB5341
5197,26001552,2784336,5201007,01010000209C560000F9F7CBF9273E4541944C07BE1BD75341
5198,26001554,2824111,5258287,01010000209C560000C87CED4DD78B45417D228AD30B0F5441
5199,26001555,2817987,5199706,01010000209C560000D01EDC90E17F45414001FE6ED6D55341
5200,26001556,2756102,5191172,01010000209C560000027AFC18030745411AB0DF0D81CD5341
5201,26001560,2799585,5204775,01010000209C560000DCDB3866F05B4541E6163DDAC9DA5341
5202,26001570,2799547,5204486,01010000209C5600007FEB819FDD5B45413D05A68881DA5341
5203,26001572,2799589,5204786,01010000209C560000B089308CF25B4541E6F1727ACCDA5341
5204,26001580,2801135,5205142,01010000209C5600001AD860A0F75E45419B43DF8725DB5341
5205,26001590,2800536,5204784,01010000209C560000C09AFAE5CB5D45416C3522F8CBDA5341
5206,26001600,2799596,5205074,01010000209C5600006277DAD5F55B45415B260D6514DB5341
5207,26001610,2320349,5342378,01010000209C560000B749FFBEEEB34141E78BBA822A615441
5208,26001620,2817476,5198578,01010000209C5600004401D7F6E17E4541A5508F6ABCD45341
5209,26001630,2287554,5343493,01010000209C560000BEB7C9CDE07341411271BD4241625441
5210,26001640,2300192,5290836,01010000209C560000FC6DF1F08F8C4141D225A9F9D42E5441
5211,26001642,2330296,5298515,01010000209C5600002F1130ED5BC74141D1D56DB954365441
5212,26001643,2286697,5284626,01010000209C5600009F3825A2347241411C00BF93C4285441
5213,26001650,2291293,5340465,01010000209C56000009B9DF832E7B41416D49992E4C5F5441
5214,26001660,2320368,5342379,01010000209C560000FCA21B3BF8B34141C3CA24CA2A615441
5215,26001670,2287577,5342744,01010000209C5600008D7F03BAEC73414142053BEB85615441
5216,26001680,2798996,5204195,01010000209C56000051DE1E1ACA5A4541D4CE32C638DA5341
5217,26001690,2798268,5203615,01010000209C56000081173DF65D594541B944AAB4A7D95341
5218,26001700,2310248,5246518,01010000209C560000A4AAE3D633A04141B9CDDD628D035441
5219,26001710,2450167,5268715,01010000209C56000066946F427BB142413F8612A43A195441
5220,26001720,2380393,5282229,01010000209C5600004FC211BE34294241CB3A2E4A6D265441
5221,26001730,2312150,5246428,01010000209C5600009E5E081DEBA341412A0B751C77035441
5222,26001740,2356573,5272420,01010000209C560000507247B3AEFA41410812731BD91C5441
5223,26001750,2310348,5246443,01010000209C560000E8C61B2766A041414BE96BD17A035441
5224,26001760,2308062,5244550,01010000209C560000EB83F0D4EE9B4141F5C3369DA1015441
5225,26001780,2309621,5245483,01010000209C56000011BC286DFA9E4141B0B43FD68A025441
5226,26001790,2299452,5226661,01010000209C5600004D5C27231E8B4141ADF5034B29F05341
5227,26001800,2299226,5226284,01010000209C56000021B3E80AAD8A4141A4AC10FECAEF5341
5228,26001810,2310896,5245773,01010000209C560000BC612F3378A14141C8891225D3025441
5229,26001830,2286359,5247332,01010000209C560000F1BBA0738B714141B5624F0259045441
5230,26001840,2311405,5247570,01010000209C5600002498DAA676A2414126F5847394045441
5231,26001850,2310751,5247695,01010000209C560000A6737F692FA14141EB3158BBB3045441
5232,26001860,2799530,5205020,01010000209C560000ACB5E8D6D45B45411EE023FE06DB5341
5233,26001870,2372133,5121183,01010000209C560000AEA64196121942413452E4BB27895341
5234,26001880,2372382,5121566,01010000209C560000DC7C0A288F194241C836026C87895341
5235,26001890,2371648,5120973,01010000209C56000007A25B1C20184241AA705C5CF3885341
5236,26001891,2371633,5120940,01010000209C5600001547DC6B181842411B3B03F3EA885341
5237,26001892,2287021,5103503,01010000209C560000C8DD8863D6724141A0B706AEE3775341
5238,26001900,2382330,5121650,01010000209C5600000E4496E1FC2C42414EC6009B9C895341
5239,26001910,2310880,5105314,01010000209C560000C49B0CE66FA1414182E6B860A8795341
5240,26001930,2824295,5258409,01010000209C5600001C0E3499338C454143C7E73B2A0F5441
5241,26001940,2824112,5258310,01010000209C560000F8E395D3D78B4541A718BC61110F5441
5242,26001950,2824317,5258322,01010000209C560000CCBDBEB03E8C4541C9732E88140F5441
5243,26001980,2823868,5258162,01010000209C560000522485E65D8B4541ED2C708BEC0E5441
5244,26001990,2343791,5336432,01010000209C560000A6AE18A8B7E1414136917C0A5C5B5441
5245,26002000,2344716,5352339,01010000209C560000CBFE9D1986E34141F2B4E0BCE46A5441
5246,26002010,2823695,5257808,01010000209C56000026B542A9078B45412F6014E8930E5441
5247,26002020,2822921,5255660,01010000209C5600003B80E1AB84894541EC4709027B0C5441
5248,26002030,2824040,5258401,01010000209C560000C65D77D8B38B45417FD19D22280F5441
5249,26002040,2823908,5257462,01010000209C5600001AFC78DC718B4541F0D2876B3D0E5441
5250,26002050,2823428,5257551,01010000209C560000E424CEED818A454176B007C1530E5441
5251,26002060,2621545,4930454,01010000209C560000E1D69A5534004441DEFEF862E5CE5241
5252,26002070,2626345,4932196,01010000209C5600009CAFDFB6940944418D4A7C1599D05241
5253,26002080,2622715,4927312,01010000209C560000DB31F16B7D0244418CC6FD02D4CB5241
5254,26002110,2603475,4929332,01010000209C56000016F0CE4DE9DC43412DCFB6FACCCD5241
5255,26002120,2617660,4927401,01010000209C56000082A2E9F59DF843410BFDCC5AEACB5241
5256,26002140,2618008,4934994,01010000209C560000455292104CF9434143CE2D8F54D35241
5257,26002150,2616940,4927498,01010000209C560000E416A03C36F74341D367729102CC5241
5258,26002160,2494903,4951968,01010000209C56000023F2EAB5DB0843417860E2EEE7E35241
5259,26002170,2423637,4982271,01010000209C560000D0627096AA7D42415E84D1A77F015341
5260,26002180,2463842,5008406,01010000209C5600009E438BE730CC424168F45280051B5341
5261,26002190,2494506,4952404,01010000209C560000E29FA0CD14084341DB27D0E754E45241
5262,26002200,2494514,4952426,01010000209C5600002FAF20C218084341F3D167805AE45241
5263,26002210,2494603,4951015,01010000209C56000090142BB2450843410AAB8ED9F9E25241
5264,26002220,2494598,4951008,01010000209C5600008E55FB0F43084341FB0398EDF7E25241
5265,26002230,2401883,4939643,01010000209C560000540C867F2D5342413ACBC6B0DED75241
5266,26002240,2401768,4939985,01010000209C560000F55B8F1EF45242415F98732634D85241
5267,26002250,2401893,4939649,01010000209C560000DD9D148432534241B3D0A424E0D75241
5268,26002260,2302946,4952486,01010000209C560000078F4AF2F0914141C9DCF46A69E45241
5269,26002270,2341069,4951043,01010000209C56000077497B6866DC4141168374C500E35241
5270,26002280,2324020,4910177,01010000209C560000CE2C45231ABB4141E99D6C5118BB5241
5271,26002290,2402286,4939444,01010000209C560000BC91CAC1F653424126C94C06ADD75241
5272,26002300,2402265,4939443,01010000209C5600004F8D498FEC534241A425CDCCACD75241
5273,26002301,2402248,4939435,01010000209C5600003FEBCBCBE3534241623D31A0AAD75241
5274,26002302,2423636,4982251,01010000209C5600002310F938AA7D424138A806BA7A015341
5275,26002303,2302961,4952479,01010000209C560000CAB16077F891414177A45ED967E45241
5276,26002304,2341059,4951032,01010000209C560000A9166CA961DC414101977508FEE25241
5277,26002305,2324005,4910177,01010000209C560000C7E1126212BB41416954283518BB5241
5278,26002306,2463841,5008388,01010000209C5600000DDF435F30CC42413BA8E9F4001B5341
5279,26002307,2353354,5050262,01010000209C560000CBC63D1165F44141CD106F79E5435341
5280,26002310,2353354,5050273,01010000209C56000055A9EFF064F44141B27DA440E8435341
5281,26002320,2356828,5010657,01010000209C560000978F99F22DFB414126893D53381D5341
5282,26002330,2356374,5010596,01010000209C56000028AEAEDA4AFA4141B0F8A9FD281D5341
5283,26002350,2767526,5199908,01010000209C5600000877D704531D454116E6EAEE08D65341
5284,26002360,2774572,5199077,01010000209C56000051ED0DFF152B454175F61C2739D55341
5285,26002370,2613025,4918423,01010000209C5600005F1911B190EF43411A983CD625C35241
5286,26002380,2616593,4918921,01010000209C5600002041B94288F6434149ABD84EA2C35241
5287,26002390,2617067,4920255,01010000209C56000052DE94AC75F74341C71047C2EFC45241
5288,26002400,2617308,4920281,01010000209C56000087D8AB34EEF74341F4D4F72FF6C45241
5289,26002410,2616711,4919936,01010000209C560000D9AE236AC3F6434134667CFA9FC45241
5290,26002420,2617005,4919491,01010000209C560000C81DA14856F74341E9EE98B630C45241
5291,26002430,2611809,4912922,01010000209C560000913A366830ED4341431CB164C6BD5241
5292,26002440,2613069,4920344,01010000209C5600000FD4F557A6EF4341BA0E780806C55241
5293,26002450,2286684,5284620,01010000209C56000010E676022E7241413D531608C3285441
5294,26002460,2285158,5340303,01010000209C560000608D652D336F4141F0FAFFD4235F5441
5295,26002470,2287057,5346053,01010000209C560000239E8072E8724141D266725DC1645441
5296,26002480,2784875,5201152,01010000209C5600008EBFA151353F4541D8A2A40D40D75341
5297,26002490,2784147,5201299,01010000209C560000C5824547C93D45416C6FB8C864D75341
5298,26002500,2760332,5034329,01010000209C560000A95469DF450F4541F944C33C56345341
5299,26002501,2760330,5034322,01010000209C560000EE84B5FE440F4541B9AEEF9954345341
5300,26002510,2547280,5141044,01010000209C560000ED137319286F4341600DB4E58C9C5341
5301,26002520,2600598,5206958,01010000209C56000060B8823F4BD743418D5E7A6EEBDC5341
5302,26002530,2486848,5192408,01010000209C560000DD0194D21FF94241FD72FAFEB5CE5341
5303,26002540,2638293,5157598,01010000209C560000225DCA65EA2044415470FE6AB7AC5341
5304,26002550,2817581,5199369,01010000209C5600004559694D167F454143DE4F4482D55341
5305,26002560,2816002,5197511,01010000209C560000EB0D1DF7007C4541D05AB6B8B1D35341
5306,26002580,2817262,5198699,01010000209C560000C8C80702777E45410EC15FC3DAD45341
5307,26002590,2817647,5199397,01010000209C5600009E11B17B377F4541C252D22A89D55341
5308,26002591,2817262,5198699,01010000209C560000C8C80702777E45410EC15FC3DAD45341
5309,26002592,2816800,5199089,01010000209C560000E002F5FC8F7D4541E63B2F443CD55341
5310,26002600,2815574,5199316,01010000209C560000B917923E2B7B4541F6790CE874D55341
5311,26002610,2767344,5200002,01010000209C560000EBF38CD2F71C4541D1BAF08020D65341
5312,26002611,2756075,5191164,01010000209C560000D271A66DF50645415C681D087FCD5341
5313,26002620,2760582,5193484,01010000209C56000057ABF6CFC20F4541B7C48410C3CF5341
5314,26002630,2703683,5158514,01010000209C5600006B6229A5A1A044413309BA729CAD5341
5315,26002640,2767544,5199913,01010000209C56000002C237C05B1D45415D8BA44A0AD65341
5316,26002650,2815644,5198583,01010000209C5600009D006E154E7B454134C017DCBDD45341
5317,26002660,2816735,5198223,01010000209C560000BE92CD816F7D4541B2AB9AAB63D45341
5318,26002670,2824548,5257138,01010000209C560000E2CEFBC2B18C45413895697EEC0D5441
5319,26002680,2823713,5257836,01010000209C56000045D0C86C108B454185E620ED9A0E5441
5320,26002690,2824116,5257778,01010000209C56000092FAC9E7D98B454199247C868C0E5441
5321,26002700,2823883,5257463,01010000209C560000E850EF94658B4541FCB85BB53D0E5441
5322,26002710,2822968,5256492,01010000209C560000579461069C894541CE4A751C4B0D5441
5323,26002720,2622733,4927304,01010000209C560000DC8CC0BC860244416AEA8DFCD1CB5241
5324,26002730,2621701,4927929,01010000209C560000390C738882004441D2DE545B6ECC5241
5325,26002740,2622589,4927970,01010000209C56000008E3DD553E024441CB343E7678CC5241
5326,26002750,2616957,4927484,01010000209C56000031B2BD8F3EF74341F3646BFAFECB5241
5327,26002760,2619422,4927505,01010000209C560000941546C20EFC434157BD8C4204CC5241
5328,26002761,2619409,4927507,01010000209C5600005BF94EBD08FC43411A2FDCA204CC5241
5329,26002770,2494850,4951570,01010000209C5600001D0A91D8C00843413EAAC19584E35241
5330,26002780,2494914,4951533,01010000209C560000FED05C29E10843417462C05B7BE35241
5331,26002790,2494149,4949701,01010000209C5600000276D55262074341F664155CB1E15241
5332,26002800,2494160,4951472,01010000209C560000FF9199C0670743416B39401B6CE35241
5333,26002810,2496104,4952881,01010000209C560000C491F6DB330B4341E5ACAB58CCE45241
5334,26002820,2402227,4940059,01010000209C560000D7338866D9534241B2789CA046D85241
5335,26002830,2767017,5199928,01010000209C560000D12E0E7D541C454100868C170ED65341
5336,26002840,2616498,4919690,01010000209C560000112E101F59F6434129727F8C62C45241
5337,26002850,2614269,4917223,01010000209C560000AA407690FEF14341D6F84FADF9C15241
5338,26002860,2616757,4920241,01010000209C56000010B83D98DAF64341504B7650ECC45241
5339,26002870,2616712,4920272,01010000209C560000B241FBD5C3F64341399A16F9F3C45241
5340,26002890,2615095,4916533,01010000209C560000F57C41A59BF34341A9E0073D4DC15241
5341,26002900,2784566,5201126,01010000209C560000E01CAE149B3E454122B6D88B39D75341
5342,26002910,2784143,5201277,01010000209C560000EC6F3F84C73D4541847445475FD75341
5343,26002920,2786054,5196160,01010000209C5600004D1FE20083414541C700551660D25341
5344,26002930,2785457,5196831,01010000209C56000018A8685658404541A167C5CB07D35341
5345,26002940,2783298,5201708,01010000209C560000B49A23D4203C454150C94DE5CAD75341
5346,26002950,2496311,5143383,01010000209C5600001A673F9A9B0B43413B9CD3A5D59E5341
5347,26002960,2800035,5205229,01010000209C56000023C1AA55D15C45417AE592473BDB5341
5348,26002970,2800146,5206400,01010000209C560000F51526DB085D4541DE4B15F65FDC5341
5349,26002971,2800098,5206085,01010000209C560000B48B49E4F05C45412798FE3B11DC5341
5350,26002980,2800706,5205233,01010000209C560000B53AABE5205E45419F2226573CDB5341
5351,26002990,2801063,5206019,01010000209C56000051E9284CD35E4541F9D626A300DC5341
5352,26002991,2801646,5205046,01010000209C56000011C3E10CF75F454161CEDB930DDB5341
5353,26003000,2801646,5205035,01010000209C560000663EA0CDF65F454169D8BDCC0ADB5341
5354,26003020,2799044,5205628,01010000209C56000030892329E25A4541B4A907E99EDB5341
5355,26003022,2798983,5205676,01010000209C5600005B548B6AC35A45414B08CD0BABDB5341
5356,26003030,2816808,5199077,01010000209C560000C046EDF8937D4541DE096B2A39D55341
5357,26003040,2816034,5198158,01010000209C5600006B2CF83C117C4541C0D3FD8253D45341
5358,26003050,2780649,5196992,01010000209C560000BE10FE50F436454104B2F9F22FD35341
5359,26003060,2756093,5191180,01010000209C5600003B8C58A2FE064541D8F7A11383CD5341
5360,26003070,2816102,5198449,01010000209C5600007B75F538337C4541D256EC469CD45341
5361,26003080,2815804,5198610,01010000209C560000ECB7B2E89D7B4541905A4C81C4D45341
5362,26003090,2815875,5198627,01010000209C5600000D624079C17B4541E1EC69A9C8D45341
5363,26003100,2616146,4919308,01010000209C5600002CC32CCFA8F54341DEF1D01903C45241
5364,26003120,2824542,5257165,01010000209C5600005786C5F1AE8C45418C7D0327F30D5441
5365,26003130,2341198,5320612,01010000209C560000C305871BA7DC41412CD65005E94B5441
5366,26003150,2618650,4927421,01010000209C560000CF9867088DFA4341D1A68358EFCB5241
5367,26003160,2356686,5010588,01010000209C5600002104FEF5E6FA414105D38A06271D5341
5368,26003170,2614558,4918267,01010000209C56000057FDF1C68EF2434170F4B0B0FEC25241
5369,26003180,2616488,4919585,01010000209C560000494A76C753F64341A1428C2C48C45241
5370,26003190,2760328,5034332,01010000209C56000086C9AACC430F4541750ED21E57345341
5371,26003200,2800136,5206433,01010000209C5600008B6793D7035D45417B33F44868DC5341
5372,26003210,2800129,5206101,01010000209C560000F871B55F005D45412C0D884915DC5341
5373,26003220,2799566,5205818,01010000209C560000EB4D2416E75B4541D1E2EC87CEDB5341
5374,26003240,2820869,5197045,01010000209C560000453D724C828545419801305F3DD35341
5375,26003250,2817669,5199377,01010000209C56000057DE2CA4427F454104C8EB2C84D55341
5376,26003260,2823456,5258967,01010000209C5600008021C41C908A45411E4D1FD6B50F5441
5377,26003270,2620066,4925134,01010000209C560000B7246B2D51FD4341D93C2F62B3C95241
5378,26003280,2612989,4923926,01010000209C5600000E2FA4777EEF43413F2E249685C85241
5379,26003290,2795774,5200547,01010000209C5600009793E8267F5445413C7315DCA8D65341
5380,26003300,2794349,5197793,01010000209C5600007BAA0251B65145417F1DEE48F8D35341
5381,26003310,2800448,5204858,01010000209C560000DA69DE3BA05D45411853EB90DEDA5341
5382,26003330,2887335,5276013,01010000209C56000072E360705307464139713B315B205441
5383,26003340,2617644,4920117,01010000209C560000673F9CCB95F843414CAC2325CDC45241
5384,26003350,2617660,4920183,01010000209C5600009B9DDD0E9EF84341051479BDDDC45241
5385,26003360,2617638,4919591,01010000209C5600003B71381B93F8434150E221B549C45241
5386,26003370,2298919,5295866,01010000209C5600003A2763B5138A4141BEF5FE89BE335441
5387,26003380,2299604,5289841,01010000209C56000025C236C9698B414127F8FA24DC2D5441
5388,26003390,2798556,5205294,01010000209C560000E8E9A830EE594541D01A7C964BDB5341
5389,26003400,2611910,4912822,01010000209C560000C451B50B63ED4341C5C9CE8DADBD5241
5390,26003430,2616557,4919904,01010000209C560000466E49B876F64341C731671F98C45241
5391,26003450,2616516,4919697,01010000209C560000D763C83662F6434191A42E5764C45241
5392,26003490,2825139,5255633,01010000209C5600003B055055D98D45411E3C0B58740C5441
5393,26003510,2494529,4951980,01010000209C5600009AF4BC75200843419BA709F0EAE35241
5394,26003520,2493846,4942174,01010000209C560000444A71F2CA064341E41F6E9557DA5241
5395,26003530,2382375,5121399,01010000209C5600006474F1AD132D4241D0AD77CD5D895341
5396,26003550,2311406,5246244,01010000209C560000B9E66FE976A2414184EA020B49035441
5397,26003560,2311349,5247655,01010000209C56000046044E475AA24141F54E42DEA9045441
5398,26003570,2281636,5170897,01010000209C560000630F1A09526841414799664AB4B95341
5399,26003590,2309378,5209351,01010000209C560000341D76D8809E4141690C35D741DF5341
5400,26003610,2290119,5182201,01010000209C560000FD4D15B1E37841415A5FAF40BEC45341
5401,26003630,2309259,5245977,01010000209C5600003868106E459E4141CCBB115106035441
5402,26003640,2285304,5215451,01010000209C560000868FA6237C6F41418081BEA636E55341
5403,26003650,2612957,4918139,01010000209C56000013E08C996EEF434103007DA4DEC25241
5404,26003660,2615864,4918511,01010000209C56000023C033331CF54341E5E40ED73BC35241
5405,26003670,2798270,5204884,01010000209C56000024477EE25E594541C1E5E2FAE4DA5341
5406,26003680,2616600,4919016,01010000209C560000167BE4FB8BF643416C91641CBAC35241
5407,26003690,2616667,4919651,01010000209C56000024528784ADF6434172B444B958C45241
5408,26003700,2613028,4923910,01010000209C5600009A3F3EC491EF43413F83478B81C85241
5409,26003710,2823458,5258960,01010000209C5600003DF564FF908A45412FF01AE7B30F5441
5410,26003720,2823246,5258368,01010000209C5600007392FC2F278A454188CC4BE81F0F5441
5411,26003730,2822706,5258787,01010000209C56000004807B2519894541BD8F1ADB880F5441
5412,26003740,2823839,5258219,01010000209C5600003A23A5994F8B4541A1EDDAC6FA0E5441
5413,26003750,2616351,4924754,01010000209C5600005E96AB4E0FF64341D98F019454C95241
5414,26003760,2618062,4923063,01010000209C5600004AACDBCE66F943412840D1BCADC75241
5415,26003770,2619425,4926105,01010000209C5600004A665CB010FC4341AC12F941A6CA5241
5416,26003780,2801590,5203033,01010000209C5600006D6E542FDB5F4541C3D6755B16D95341
5417,26003790,2801416,5203709,01010000209C56000090CC85E1835F45415D2A0B5CBFD95341
5418,26003810,2800160,5200118,01010000209C5600002CA0AEFB0F5D4541BAB0D8823DD65341
5419,26003820,2799932,5203190,01010000209C56000089E76CEC9D5C45414DAEA1863DD95341
5420,26003830,2823525,5257001,01010000209C560000FFB8BF8DB28A4541C4B69134CA0D5441
5421,26003840,2617829,4920068,01010000209C560000A59785B8F2F84341A1B28DE7C0C45241
5422,26003850,2617599,4920118,01010000209C56000080E2D7807FF84341BE507783CDC45241
5423,26003860,2617516,4920351,01010000209C56000041E66CFB55F84341E8A594BA07C55241
5424,26003870,2294114,5337761,01010000209C560000EA06841BB180414101AD6D52A85C5441
5425,26003880,2824921,5256641,01010000209C560000AB7861896C8D454131B9E22C700D5441
5426,26003890,2825362,5256114,01010000209C560000329A3410498E45415F007783EC0C5441
5427,26003900,2800471,5204787,01010000209C5600009D2D1569AB5D45411BE566B0CCDA5341
5428,26003910,2798032,5204850,01010000209C560000053ACB23E8584541EF182875DCDA5341
5429,26003920,2616148,4919352,01010000209C560000527679F0A9F54341A2BB05100EC45241
5430,26003930,2825077,5255510,01010000209C56000094D10F71BA8D45417C227573550C5441
5431,26003940,2798326,5205227,01010000209C560000A891DCC37A5945415A6423A53ADB5341
5432,26003950,2824935,5256598,01010000209C56000022EF4387738D4541DAF87691650D5441
5433,26003960,2825381,5255989,01010000209C560000D7B72655528E454108A23C4FCD0C5441
5434,26003970,2617553,4919515,01010000209C560000709B9A9468F84341820103B736C45241
5435,26003980,2617623,4919591,01010000209C560000047A6B578BF84341805FFFC749C45241
5436,26003990,2612243,4913598,01010000209C56000018DCC2AC09EE4341095FE2976FBE5241
5437,26003991,2612216,4913609,01010000209C560000F1721206FCED43418F464C2C72BE5241
5438,26004000,2798107,5204891,01010000209C560000F1164BAA0D5945418986FFC3E6DA5341
5439,26004010,2797729,5204238,01010000209C560000BC65DD69505845411D31D87543DA5341
5440,26004020,2796476,5203480,01010000209C560000680777EEDD5545419B4E65EB85D95341
5441,26004030,2823429,5258275,01010000209C560000F08E6E7D828A4541401FA4B0080F5441
5442,26004050,2823723,5258155,01010000209C560000C8A31F41158B4541C435C2C5EA0E5441
5443,26004060,2620506,4925205,01010000209C560000046D4FE72CFE43414274E958C5C95241
5444,26004070,2616929,4922508,01010000209C5600009CE15E9730F74341138694E622C75241
5445,26004080,2613209,4924092,01010000209C5600005AA57C54ECEF4341007F430AAFC85241
5446,26004081,2613239,4924083,01010000209C56000042E0C299FBEF4341FB8075AFACC85241
5447,26004090,2801386,5202664,01010000209C560000B03E91C7745F4541B165B810BAD85341
5448,26004100,2801660,5205714,01010000209C56000086055F2EFE5F4541E7FB1799B4DB5341
5449,26004110,2789429,5202401,01010000209C560000E90AED651A4845411137545C78D85341
5450,26004120,2801173,5202640,01010000209C5600009C47547C0A5F45415B77FF13B4D85341
5451,26004130,2803803,5202420,01010000209C560000DD6E3BB62D644541B8BA97EC7CD85341
5452,26004150,2617877,4919658,01010000209C560000B499EA960AF94341032D44685AC45241
5453,26004160,2798579,5204108,01010000209C5600004EF5D768F9594541DE66FBFD22DA5341
5454,26004170,2311154,5247646,01010000209C56000073451A18F9A14141162C8579A7045441
5455,26004180,2309621,5245483,01010000209C56000011BC286DFA9E4141B0B43FD68A025441
5456,26004190,2300359,5176176,01010000209C560000A2123340E38C41411FE9A617DCBE5341
5457,26004200,2373062,5269258,01010000209C5600006939AF24E31A42413BAB0A91C2195441
5458,26004210,2824599,5257151,01010000209C560000B6EF7555CB8C4541B23A48B3EF0D5441
5459,26004220,2822492,5255602,01010000209C5600008745F2CDAD884541F834556A6C0C5441
5460,26004230,2310188,5246508,01010000209C5600007835280316A041416213A7118B035441
5461,26004240,2309230,5245907,01010000209C56000097BC4ECA369E4141BC3DEDCEF4025441
5462,26004250,2310214,5246508,01010000209C560000B0A233F922A04141ED1C4F098B035441
5463,26004260,2799569,5204406,01010000209C560000C3F1688DE85B45412441A8956DDA5341
5464,26004270,2799607,5204421,01010000209C5600002F864A7EFB5B45417BB7BD4671DA5341
5465,26004271,2799680,5204325,01010000209C56000005B6B7C11F5C4541E3282D2F59DA5341
5466,26004280,2617831,4919659,01010000209C560000EEC183A2F3F84341A58408C55AC45241
5467,26004290,2617849,4919657,01010000209C560000D8FAFF4AFCF84341A69AAC515AC45241
5468,26004291,2617863,4919657,01010000209C5600005D01BCB403F94341D463F85C5AC45241
5469,26004300,2614918,4919020,01010000209C5600001E4D30C942F3434179A5DF18BBC35241
5470,26004301,2614906,4919027,01010000209C5600007B54CEC33CF34341321F80AEBCC35241
5471,26004310,2800623,5204030,01010000209C560000EC628D60F75D454182979B680FDA5341
5472,26004320,2616565,4920547,01010000209C560000992179BE7AF6434128A525AB38C55241
5473,26004330,2616553,4920512,01010000209C56000096522B4474F643412DD140FD2FC55241
5474,26004350,2799723,5204430,01010000209C5600002632D253355C45417956998D73DA5341
5475,26004360,2310682,5245753,01010000209C560000ABC45CFB0CA141415246F247CE025441
5476,26004370,2798279,5204906,01010000209C5600004CD9356F635945415B2D4172EADA5341
5477,26004390,2618273,4922218,01010000209C5600007A3133B3D0F9434135F85572DAC65241
5478,26004400,2802226,5201079,01010000209C560000307F2305196145411BDFEFD22DD75341
5479,26004440,2616725,4919940,01010000209C56000003F14941CAF643419A37221BA1C45241
5480,26004450,2816031,5198161,01010000209C560000AEB891AF0F7C454100DA453D54D45341
5481,26004460,2615858,4918515,01010000209C5600001E06C5D918F5434137D7DBBE3CC35241
5482,26004470,2823576,5256854,01010000209C560000403E6ED0CB8A4541E2D6326CA50D5441
5483,26004480,2310321,5247100,01010000209C5600002038984F58A041418F8401E61E045441
5484,26004490,2623690,4927590,01010000209C560000CA100D3F65044441EF3CCD7D19CC5241
5485,26004500,2816994,5198890,01010000209C56000060891934F17D4541B839C8700AD55341
5486,26004510,2308189,5244654,01010000209C560000C1AC61BF2E9C4141EF072B86BB015441
5487,26004570,2823733,5256702,01010000209C560000A1E941471A8B45412B280C647F0D5441
5488,26004571,2823460,5258974,01010000209C5600001594DDF6918A454175691863B70F5441
5489,26004580,2614015,4918408,01010000209C56000060726ABC7FF14341BDC39BF021C35241
5490,26004581,2618451,4922220,01010000209C560000A8FAFC8A29FA4341CFBC9DFEDAC65241
5491,26004590,2799507,5205144,01010000209C560000932C5F65C95B4541C64548FD25DB5341
5492,26004600,2784605,5200162,01010000209C5600005B00C6ABAE3E4541D6F52C7148D65341
5493,26004601,2767453,5199585,01010000209C56000019349AA32E1D4541D5E4B82BB8D55341
5494,26004610,2309924,5245973,01010000209C560000F7622C0C929F41419F64E45E05035441
5495,26004611,2309927,5245977,01010000209C5600006F1439B6939F414157A2183206035441
5496,26004630,2284535,5340626,01010000209C560000A66E9F78FB6D4141B0D7CC75745F5441
5497,26004632,2300183,5290829,01010000209C560000003E14988B8C414111047C49D32E5441
5498,26004634,2291327,5340443,01010000209C5600006C2814663F7B41416A9B36DF465F5441
5499,26004640,2823737,5256932,01010000209C560000E6F31F441C8B4541C6958FF9B80D5441
5500,26004650,2299166,5226284,01010000209C560000F9503F2C8F8A41413647B5F0CAEF5341
5501,26004660,2799240,5204184,01010000209C560000F7F56BEB435B45414DD84F1636DA5341
5502,26004670,2285164,5340381,01010000209C5600006250BC22366F4141135EC155375F5441
5503,26004680,2824323,5257921,01010000209C5600001CA31191418C4541B604BE3EB00E5441
5504,26004690,2614832,4919170,01010000209C560000A38E76CD17F34341B8524B8EE0C35241
5505,26004700,2618392,4922625,01010000209C56000043A670F50BFA43413B5A1B5840C75241
5506,26004710,2616739,4919940,01010000209C560000A7EB74A8D1F643419A37221BA1C45241
5507,26004720,2823743,5257770,01010000209C560000C2A8F0821F8B45412550DC6B8A0E5441
5508,26004730,2618555,4923627,01010000209C560000C5DBB5625DFA434103C33CD53AC85241
5509,26004770,2617482,4920355,01010000209C560000C17DBD0645F843417A5534D808C55241
5510,26004820,2814392,5200292,01010000209C5600003B5D80DBDB7845417C7DA8EC68D65341
5511,26004830,2614207,4920244,01010000209C5600004E4E5285DFF143411EE3CEF9ECC45241
5512,26004840,2617504,4920354,01010000209C560000885DC2DE4FF84341EB5CA69B08C55241
5513,26004860,2617251,4919933,01010000209C56000087956383D1F74341AF0722539FC45241
5514,26004870,2615582,4917187,01010000209C560000BF331F398FF44341FABC5DAFF0C15241
5515,26004880,2622797,4927366,01010000209C5600005F33CA5EA602444198A88A7FE1CB5241
5516,26004883,2623673,4927569,01010000209C5600000D1068475C044441825CCE5514CC5241
5517,26004890,2312596,5245936,01010000209C5600001E8D07D2C9A441411EDA3C03FC025441
5518,26004920,2615931,4920075,01010000209C560000889528753DF54341930445A8C2C45241
5519,26004930,2796541,5203486,01010000209C5600005E5519A4FE554541EBAEB08587D95341
5520,26004931,2796507,5203482,01010000209C560000879419A0ED554541644B536B86D95341
5521,26004940,2795939,5203494,01010000209C560000F2756D60D1544541EFA5B69389D95341
5522,26004950,2309229,5215358,01010000209C56000035D1A984369E4141DF0BAC751FE55341
5523,26004951,2309236,5215350,01010000209C560000F5300F393A9E414118F478821DE55341
5524,26004960,2494360,4951153,01010000209C560000F963BC22CC0743416D0C3B371CE35241
5525,26004970,2815549,5199340,01010000209C560000F6E53B9E1E7B4541F0BBA1127BD55341
5526,26004980,2797632,5204199,01010000209C560000BE289D1A205845418E7AE0A639DA5341
5527,26004990,2300353,5290730,01010000209C560000CFD81066E08C41418D171D78BA2E5441
5528,26005000,2285159,5340281,01010000209C560000692EC283336F4141785418471E5F5441
5529,26005001,2287006,5346034,01010000209C560000C8931ECDCE724141C9DFCD96BC645441
5530,26005002,2284550,5340674,01010000209C560000082B583F036E4141D3C45380805F5441
5531,26005010,2816954,5198903,01010000209C5600005C4C812CDD7D4541214084B10DD55341
5532,26005030,2799634,5205094,01010000209C5600003C3F5A11095C4541832EF68119DB5341
5533,26005080,2815801,5198731,01010000209C560000E152D8709C7B4541615D14ADE2D45341
5534,26005082,2816698,5197995,01010000209C5600005D5DF9EE5C7D45415F9327A92AD45341
5535,26005083,2817465,5198166,01010000209C5600001A215561DC7E4541C71C5E8A55D45341
5536,26005084,2815656,5197959,01010000209C5600002DA0B3E9537B4541464DFBC121D45341
5537,26005085,2816023,5197388,01010000209C56000070F6566F0B7C454162560F0D93D35341
5538,26005086,2815602,5199290,01010000209C560000E8526BC0387B45412D8A4B726ED55341
5539,26005087,2817010,5199390,01010000209C560000C57F06DAF87D45410D1AF28987D55341
5540,26005100,2800353,5204752,01010000209C56000033763E46705D45414E242609C4DA5341
5541,26005120,2612973,4920175,01010000209C56000065B2C35E76EF4341C4CF66D1DBC45241
5542,26005130,2613026,4920143,01010000209C56000097F46F1F91EF43411CAF73D2D3C45241
5543,26005140,2817595,5199340,01010000209C5600007B52ADA41D7F4541F5BBA1127BD55341
5544,26005150,2824044,5258322,01010000209C560000EE12D4FAB58B454185451C77140F5441
5545,26005160,2816599,5198251,01010000209C560000942769432B7D4541A18AFED16AD45341
5546,26005180,2312760,5245696,01010000209C560000B01ABA051CA54141C45A21F9BF025441
5547,26005190,2613589,4918974,01010000209C560000998F95ABAAF04341EF01FC7AAFC35241
5548,26005200,2537560,5228909,01010000209C56000044229AC42B5C43418EFF00205BF25341
5549,26005210,2822483,5255591,01010000209C5600009A42D873A9884541EFA6BEBB690C5441
5550,26005220,2823835,5257476,01010000209C560000921EA6484D8B454173431810410E5441
5551,26005230,2823464,5258329,01010000209C560000D378C52A948A4541A904D731160F5441
5552,26005240,2312778,5245678,01010000209C560000F6282C0225A54141D2839E85BB025441
5553,26005250,2795839,5203422,01010000209C5600003C9784A49F544541BB8AB56077D95341
5554,26005251,2795850,5203422,01010000209C5600006E6E28F7A454454160FBBE6D77D95341
5555,26005260,2799955,5202327,01010000209C560000E83C4E88A95C4541C61D0FBC65D85341
5556,26005270,2488730,4950631,01010000209C560000A05174FBCCFC42413DAFAEC999E25241
5557,26005280,2822690,5258799,01010000209C560000FBEAEE3711894541F3AB39D38B0F5441
5558,26005290,2822501,5258430,01010000209C560000BB815E6AB28845415F9192642F0F5441
5559,26005300,2821852,5255609,01010000209C5600006904241C6E874541492B09526E0C5441
5560,26005310,2822922,5256216,01010000209C5600007B17F625858945417B652D0D060D5441
5561,26005330,2616512,4920964,01010000209C560000E24E05F85FF6434126F6100AA1C55241
5562,26005331,2614091,4920503,01010000209C5600003CFB5F7DA5F14341B1DC01C72DC55241
5563,26005333,2616412,4920067,01010000209C56000009B815182EF643412B2A85D8C0C45241
5564,26005334,2618718,4927508,01010000209C560000361005E5AEFA4341DFA02B0305CC5241
5565,26005335,2622675,4927897,01010000209C5600007606567469024441D8A3EB4066CC5241
5566,26005336,2619964,4925442,01010000209C5600006911E2E21DFD43414F9EE99600CA5241
5567,26005337,2603388,4929537,01010000209C560000E48AE41EBEDC4341179F145500CE5241
5568,26005339,2613072,4918378,01010000209C560000C27E8ED3A7EF434164CEA1631AC35241
5569,26005340,2616595,4919025,01010000209C560000B29262A089F6434137E2BB58BCC35241
5570,26005360,2291280,5339733,01010000209C560000F1EB0AD0277B4141B45A6152955E5441
5571,26005390,2817815,5199309,01010000209C560000ED67E7508B7F45411E67062573D55341
5572,26005400,2815663,5198656,01010000209C560000FDEE294A577B454188C0BE07D0D45341
5573,26005430,2300415,5176189,01010000209C560000C20FF25FFF8C41410937564ADFBE5341
5574,26005440,2823740,5256688,01010000209C560000B86599F61D8B4541B79D900E7C0D5441
5575,26005441,2822969,5256473,01010000209C560000A3EFCA699C8945415E4D8E59460D5441
5576,26005470,2311114,5245580,01010000209C560000D7D50EC6E4A14141886EA20AA3025441
5577,26005480,2372121,5121405,01010000209C5600009E08886D0C194241F88DA4405F895341
5578,26005510,2310755,5247708,01010000209C56000037024A5C31A141414A6435EFB6045441
5579,26005520,2784114,5201158,01010000209C560000B593CC00B93D45415EC9F49841D75341
5580,26005530,2824908,5256936,01010000209C560000768A773F668D454197F120F1B90D5441
5581,26005540,2299703,5227292,01010000209C560000033788BA9B8B4141D0321519C7F05341
5582,26005550,2311127,5247719,01010000209C560000B61AD157EBA14141864978B4B9045441
5583,26005560,2817603,5199352,01010000209C560000FE25E575217F45410A8656027ED55341
5584,26005570,2800519,5204780,01010000209C560000B72AE8AEC35D4541110E3F11CBDA5341
5585,26005580,2616787,4919402,01010000209C56000027EF9FA8E9F64341EF949C911AC45241
5586,26005600,2299479,5227119,01010000209C560000EB49516E2B8B4141ABEC4ACE9BF05341
5587,26005620,2799729,5204092,01010000209C560000252A1E43385C45410C0BE1E61EDA5341
5588,26005621,2614740,4919581,01010000209C560000DABB60E0E9F24341442D0D2D47C45241
5589,26005630,2304450,5322113,01010000209C5600007658643EE194414149185720604D5441
5590,26005640,2756110,5191164,01010000209C560000A1CA16DD06074541A5D842F67ECD5341
5591,26005650,2795836,5203472,01010000209C560000F85807009E544541F4ECB90E84D95341
5592,26005660,2822273,5255311,01010000209C56000055BB5C7D4088454167B83FCF230C5441
5593,26005670,2820729,5196331,01010000209C560000BBFD0B513C854541312445AB8AD25341
5594,26005690,2823728,5256602,01010000209C56000052E530EE178B454160A52964660D5441
5595,26005700,2494682,4951974,01010000209C5600009FC46AF16C084341BC693181E9E35241
5596,26005720,2496712,5143298,01010000209C560000BF9AC507640C4341DAF9C684C09E5341
5597,26005721,2496698,5143304,01010000209C5600004363123B5D0C43418EEE62FDC19E5341
5598,26005730,2799500,5204722,01010000209C560000A7383FD3C55B4541710FC378BCDA5341
5599,26005760,2799980,5203731,01010000209C560000AE699727B65C454140EA80D8C4D95341
5600,26005770,2816334,5198132,01010000209C56000071E1F9FCA67C45418E06DBFE4CD45341
5601,26005780,2618291,4922657,01010000209C560000F989CE82D9F94341D0433E4348C75241
5602,26005790,2798111,5204980,01010000209C5600002C796E9E0F594541A93AEBFCFCDA5341
5603,26005800,2785850,5200566,01010000209C56000046CA96011D41454103C62A6DADD65341
5604,26005810,2300046,5176914,01010000209C560000879C51E3468C4141A083557294BF5341
5605,26005811,2300034,5176913,01010000209C560000B071DC0B418C41414ADA994394BF5341
5606,26005820,2373044,5269265,01010000209C5600006E3EB213DA1A42411CB4624FC4195441
5607,26005830,2819909,5197654,01010000209C5600003253E593A28345416E66FF66D5D35341
5608,26005831,2816698,5197994,01010000209C56000065D51CD35C7D45416E836E712AD45341
5609,26005840,2611161,4913151,01010000209C560000D31F1A7FECEB4341DBB13AA2FFBD5241
5610,26005850,2320776,5342351,01010000209C5600008EC4D32BC4B44141B352F3CB23615441
5611,26005870,2382423,5121352,01010000209C560000737B51A12B2D424105B6EDFE51895341
5612,26005880,2824141,5257183,01010000209C56000065754963E68B4541574596DEF70D5441
5613,26005890,2401825,4939819,01010000209C5600009DFE49B2105342412A9485AF0AD85241
5614,26005900,2767627,5199261,01010000209C560000C059AC46851D454169470A5867D55341
5615,26005901,2767636,5199266,01010000209C5600009E7F50DC891D454197AA066368D55341
5616,26005910,2800296,5203807,01010000209C560000281A02C4535D4541C938ABC3D7D95341
5617,26005920,2819869,5197897,01010000209C560000CC5162A08E8345410165DE5E12D45341
5618,26005930,2612192,4913711,01010000209C5600001323283BF0ED4341222F53BF8BBE5241
5619,26005940,2612199,4913728,01010000209C5600008D2000B7F3ED4341FB2B211A90BE5241
5620,26005950,2353577,5182388,01010000209C56000045BF7F83D4F4414161A00708EDC45341
5621,26005960,2310869,5105143,01010000209C560000E78C21946AA14141FFBB1DDE7D795341
5622,26005970,2798888,5204171,01010000209C5600002B8EA118945A4541070535DE32DA5341
5623,26005980,2309464,5245791,01010000209C560000CA6274C2AB9E4141535D8BA2D7025441
5624,26005981,2312315,5246416,01010000209C5600002A602BB73DA44141B59BA8E673035441
5625,26005982,2312616,5245676,01010000209C5600009E4AD339D4A44141B073F20EBB025441
5626,26005990,2800934,5203449,01010000209C56000045A471F3925E45417E114E257ED95341
5627,26006000,2310821,5245887,01010000209C560000EC7DD48152A141419A0BB3D5EF025441
5628,26006020,2310752,5245958,01010000209C560000AD5D71F72FA141419FB5D88F01035441
5629,26006030,2372142,5121128,01010000209C560000943EBF2117194241273C27E219895341
5630,26006040,2494681,4951005,01010000209C5600004F4918716C084341A5A9DD56F7E25241
5631,26006060,2299309,5224943,01010000209C560000FA475A87D68A4141404DA0B37BEE5341
5632,26006110,2800042,5205218,01010000209C5600001A516D26D55C4541C12C766938DB5341
5633,26006111,2617666,4920226,01010000209C5600006E2336DFA0F84341D4DFCE9AE8C45241
5634,26006120,2799977,5205094,01010000209C5600003EE9B465B45C45415E443F8A19DB5341
5635,26006121,2801763,5205344,01010000209C56000014B645BD3160454196F829F957DB5341
5636,26006122,2798396,5204334,01010000209C560000899EA9D29D594541DE4A149D5BDA5341
5637,26006123,2799970,5205092,01010000209C560000C28D66E7B05C4541A4535E0B19DB5341
5638,26006124,2798434,5205257,01010000209C5600003565CE06B1594541C331145842DB5341
5639,26006125,2799713,5202782,01010000209C560000ACF90B67305C4541BD3F2F82D7D85341
5640,26006126,2797632,5204269,01010000209C5600006E8AE106205845416A9857444BDA5341
5641,26006130,2300302,5290609,01010000209C560000579CF401C78C4141F00481389C2E5441
5642,26006140,2614235,4920243,01010000209C56000098B10595EDF143410F10B1CAECC45241
5643,26006150,2824386,5257339,01010000209C56000003D54001618C454161F28EBE1E0E5441
5644,26006160,2824023,5257100,01010000209C56000094BFF3BBAB8B4541C3D7D103E30D5441
5645,26006170,2823665,5259277,01010000209C56000029D95B5CF88A4541EF2D2D4103105441
5646,26006180,2823916,5258163,01010000209C560000A68C0E05768B45415BBA83B4EC0E5441
5647,26006190,2495286,4951717,01010000209C560000C2A4A5E79A094341F657F446A9E35241
5648,26006191,2496094,4952884,01010000209C560000789D24242F0B43418E5722EDCCE45241
5649,26006200,2799289,5204550,01010000209C56000018C7FF405C5B4541384D626591DA5341
5650,26006220,2795661,5202749,01010000209C560000B7187C5D465445413EBA9A5FCFD85341
5651,26006230,2613433,4920775,01010000209C56000081F1EA965CF04341FE4940B071C55241
5652,26006250,2824078,5255160,01010000209C560000D19DEC36C78B45415FEC0FF0FD0B5441
5653,26006280,2612856,4921036,01010000209C560000E82E603A3CEF4341584FFA0CB3C55241
5654,26006290,2824131,5258888,01010000209C5600002B43724EE18B45412ADA6BEBA10F5441
5655,26006300,2823911,5257005,01010000209C5600000B5DB470738B454130D9AC3ECB0D5441
5656,26006320,2825098,5255459,01010000209C560000372D301DC58D4541B8E7E7A4480C5441
5657,26006330,2621664,4927818,01010000209C560000344F36EC6F004441C6414C7152CC5241
5658,26006340,2822545,5258149,01010000209C56000000048A93C88845418164A747E90E5441
5659,26006350,2613436,4921052,01010000209C5600006F51C7095EF04341DFA215EBB6C55241
5660,26006360,2285157,5340348,01010000209C560000758DAC80326F41411840CFF02E5F5441
5661,26006361,2299602,5289885,01010000209C56000043688125698B4141F2F3F040E72D5441
5662,26006362,2304425,5322092,01010000209C560000BDCB8881D4944141303A0B005B4D5441
5663,26006390,2816639,5198652,01010000209C5600000E36A0A73F7D45411E7A8F12CFD45341
5664,26006410,2783361,5201695,01010000209C56000003EE908A403C45416B516DAAC7D75341
5665,26006411,2785154,5201698,01010000209C56000035D5CADAC03F4541153DE295C8D75341
5666,26006430,2287211,5346180,01010000209C560000D54C4E5135734141784E6C18E1645441
5667,26006440,2824159,5255991,01010000209C5600001C4A5145EF8B4541739956C9CD0C5441
5668,26006450,2825082,5255569,01010000209C560000420B50F9BC8D4541045DBE42640C5441
5669,26006460,2312680,5246041,01010000209C560000A79BAFC8F3A441410B47144A16035441
5670,26006470,2798974,5205771,01010000209C560000FFEDF3FEBE5A4541F5F6F3D2C2DB5341
5671,26006480,2795905,5203841,01010000209C56000050529888C0544541D2696338E0D95341
5672,26006490,2784145,5199658,01010000209C560000F7D61798C83D454170B3EA7CCAD55341
5673,26006500,2818006,5199684,01010000209C5600005E941C30EB7F4541D2A99F1BD1D55341
5674,26006510,2616976,4919492,01010000209C560000EBD0240D48F743412D23420B31C45241
5675,26006520,2614180,4920545,01010000209C560000476A0E0BD2F143414EA7D02F38C55241
5676,26006530,2614546,4918471,01010000209C560000D6CB10D388F24341FF4BC0C431C35241
5677,26006540,2297657,5293102,01010000209C560000C50784AF9C8741410FC414840B315441
5678,26006550,2282033,5336698,01010000209C5600007A45E268186941417BCE08769E5B5441
5679,26006560,2824116,5257784,01010000209C560000728F810BDA8B45410CC477028E0E5441
5680,26006570,2816091,5198461,01010000209C56000038B8217F2D7C45415C0C6C499FD45341
5681,26006580,2612189,4913699,01010000209C560000C5EF9CBDEEED43411BF93ED688BE5241
5682,26006590,2616671,4919651,01010000209C560000A40B1C8DAFF64341E58C59C758C45241
5683,26006600,2800163,5204823,01010000209C5600008650BB95115D45415E045DA9D5DA5341
5684,26006601,2801848,5201920,01010000209C560000E7DA47385C604541E01B91E0FFD75341
5685,26006610,2616949,4927491,01010000209C560000279D19433AF74341E98BF6DF00CC5241
5686,26006620,2353297,5183394,01010000209C56000017BB835048F4414136252D96E8C55341
5687,26006630,2822261,5258574,01010000209C56000014373FB83A8845415D3B6B98530F5441
5688,26006640,2617896,4919657,01010000209C560000DBA115DB13F94341D463F85C5AC45241
5689,26006650,2799460,5205027,01010000209C5600008224381FB25B4541ED933ECF08DB5341
5690,26006651,2800049,5205195,01010000209C56000063DA43B8D85C45410E973BC432DB5341
5691,26006670,2617215,4920054,01010000209C5600002945E0ABBFF7434147667794BDC45241
5692,26006690,2802987,5208293,01010000209C56000038B975B3956245416434194839DE5341
5693,26006710,2304222,5322220,01010000209C560000B51D98C86E944141433FE6F27A4D5441
5694,26006711,2320660,5342575,01010000209C560000410F2A218AB44141DCE27ABF5B615441
5695,26006713,2362685,5329727,01010000209C56000043E657B09E064241559A0EDECF545441
5696,26006730,2824525,5257160,01010000209C56000041288051A68C4541485EB9E3F10D5441
5697,26006740,2616611,4919249,01010000209C560000DB5D644E91F643415BCD0931F4C35241
5698,26006750,2287033,5346047,01010000209C56000000D8867DDC72414183391FAEBF645441
5699,26006751,2294099,5337772,01010000209C56000098A63861A9804141674FF614AB5C5441
5700,26006760,2799150,5203103,01010000209C56000040CC92FA165B45412B9401CB27D95341
5701,26006770,2800733,5203723,01010000209C560000A144DD762E5E4541DECEA8C7C2D95341
5702,26006780,2622449,4927171,01010000209C5600009F32BF6EF80144419234C0BAB0CB5241
5703,26006790,2626364,4932172,01010000209C560000FCD82FEF9D094441372FFEFD92D05241
5704,26006800,2311363,5247672,01010000209C56000034748AB361A241414D4920FEAD045441
5705,26006810,2312678,5246122,01010000209C5600002599C919F3A44141ABE184992A035441
5706,26006820,2798977,5204221,01010000209C5600006AA5227EC05A4541261F1E413FDA5341
5707,26006830,2615786,4918417,01010000209C560000DDC5A8C9F4F44341E6D18B3724C35241
5708,26006840,2287076,5251716,01010000209C56000034EE40D7F172414198B63BFAA0085441
5709,26006860,2799459,5203807,01010000209C56000007202594B15B454139D9F9D1D7D95341
5710,26006870,2614283,4919056,01010000209C560000C9D5045805F243413CC64A17C4C35241
5711,26006871,2613147,4918323,01010000209C5600007264BA9ACDEF4341C55FDBDD0CC35241
5712,26006880,2617354,4919301,01010000209C5600004736C00205F84341A4F1352601C45241
5713,26006940,2616434,4920180,01010000209C5600004440D41039F643410B86BB10DDC45241
5714,26006970,2603463,4929322,01010000209C560000B04F6B8EE3DC4341FC2C3168CACD5241
5715,26006980,2815621,5199266,01010000209C560000C1F39A8B427B45419404676E68D55341
5716,26006990,2310708,5245764,01010000209C560000B0FC8E001AA1414167A31B00D1025441
5717,26007010,2822451,5258410,01010000209C560000C3008355998845417F2A5D692A0F5441
5718,26007020,2312125,5246404,01010000209C560000E8512348DEA34141162427E770035441
5719,26007021,2281624,5170900,01010000209C5600003022C7134C6841413097E1F3B4B95341
5720,26007022,2286351,5247327,01010000209C560000AC7F9CA48771414149F94DBD57045441
5721,26007023,2424473,5212028,01010000209C5600009AB0E3774C7F424113CF25E3DEE15341
5722,26007024,2285329,5215451,01010000209C560000AFC0B155886F4141CF8003D836E55341
5723,26007025,2356583,5272365,01010000209C560000D1F2965FB3FA414146C16743CB1C5441
5724,26007026,2290126,5182198,01010000209C56000017F5531DE778414155A46F91BDC45341
5725,26007027,2309346,5209329,01010000209C560000BB90AFF6709E4141945FD9453CDF5341
5726,26007028,2443808,5203116,01010000209C5600000C2666FB0FA542411B0C321B2BD95341
5727,26007029,2450154,5268738,01010000209C56000098EEE3D774B1424153AEC97F40195441
5728,26007030,2362591,5329824,01010000209C560000EFD88E606F064241E8B53CF0E7545441
5729,26007031,2373973,5303922,01010000209C560000C0662558AA1C42414893FB789C3B5441
5730,26007033,2344720,5352336,01010000209C560000B6D06FCB87E3414110D761FEE36A5441
5731,26007034,2343784,5336444,01010000209C560000EFE3E5F9B3E141413E3EA2E15E5B5441
5732,26007040,2310714,5245754,01010000209C560000AF96201D1DA1414170A2DF80CE025441
5733,26007050,2824803,5256952,01010000209C5600000AD0664D318D4541CB0C20F9BD0D5441
5734,26007060,2887322,5276010,01010000209C5600004A7750264D0746415073C0875A205441
5735,26007070,2760318,5034343,01010000209C560000E8C2EB093F0F4541DF2C56B159345341
5736,26007080,2621555,4930493,01010000209C560000B33D55523900444140D6073EEFCE5241
5737,26007090,2310579,5245693,01010000209C560000D0C00358D9A04141A6DBAB3ABF025441
5738,26007120,2800392,5204639,01010000209C560000DC47C02F845D45418F9159B7A7DA5341
5739,26007130,2307250,5244061,01010000209C5600008E4FC518599A4141A09C182F27015441
5740,26007150,2611555,4912676,01010000209C56000063421673B1EC4341476E6EF088BD5241
5741,26007160,2305297,5322409,01010000209C5600003755B645889641416F379958AA4D5441
5742,26007180,2809968,5226427,01010000209C5600003D22FD807E6F4541B4DFCB0B72EF5341
5743,26007190,2481626,5321102,01010000209C5600000432D9F9ECEE424132A2827C634C5441
5744,26007200,2816671,5198237,01010000209C56000032037D854F7D4541EFDD2F3067D45341
5745,26007201,2510939,5265963,01010000209C560000A52DAC832D284341981E56DA8A165441
5746,26007202,2631617,5318865,01010000209C560000B2AA7E5FE013444139FDF35E344A5441
5747,26007204,2487798,5267700,01010000209C560000F079D1E2FAFA42413B321CEC3C185441
5748,26007205,2507834,5281458,01010000209C56000068B013131D22434154B69E6BAC255441
5749,26007206,2537555,5228924,01010000209C560000612B4889295C43419C6FD0075FF25341
5750,26007207,2789437,5202395,01010000209C56000089A62F501E4845415E69E1D176D85341
5751,26007208,2795739,5200546,01010000209C56000084C811BE6D544541098EBD9CA8D65341
5752,26007209,2800181,5200125,01010000209C5600008E726D4F1A5D4541CC3847483FD65341
5753,26007210,2312140,5246418,01010000209C56000046105328E6A34141B660D78074035441
5754,26007220,2621581,4928566,01010000209C5600008590B7A346004441F1E407630DCD5241
5755,26007230,2613990,4919737,01010000209C560000FE8E181573F14341EDA15B356EC45241
5756,26007240,2299006,5225466,01010000209C5600005D70F2D83E8A41414B3A346FFEEE5341
5757,26007260,2824325,5258377,01010000209C56000023D64D68428C4541D856E220220F5441
5758,26007270,2304339,5322037,01010000209C56000095FEF6A1A99441413B02D22C4D4D5441
5759,26007280,2496327,5143389,01010000209C5600008453234CA30B434163940259D79E5341
5760,26007310,2801114,5205203,01010000209C5600000E5D3905ED5E45413B6D3ACB34DB5341
5761,26007320,2616010,4917928,01010000209C560000A03173D664F543412F2C020AAAC25241
5762,26007330,2299219,5224970,01010000209C560000739C5847A98A41419CA04A9382EE5341
5763,26007340,2821250,5255359,01010000209C560000E8F648034186454195A238C02F0C5441
5764,26007370,2796443,5203469,01010000209C560000F325E947CD5545411CDDC45A83D95341
5765,26007380,2317006,5340568,01010000209C56000003B4C5E866AD41410224DBE3655F5441
5766,26007390,2286025,5345126,01010000209C56000075B6BAA4E4704141D29CF264D9635441
5767,26007400,2802108,5204091,01010000209C560000C4A50F0DDE6045415B2653A31EDA5341
5768,26007410,2291308,5340521,01010000209C560000A99752F9357B414106A798305A5F5441
5769,26007420,2613365,4919680,01010000209C5600003D2FCCB13AF04341712987F05FC45241
5770,26007440,2800936,5204443,01010000209C5600004190CCDB935E454130C517D276DA5341
5771,26007450,2616433,4920186,01010000209C5600002C72906438F643410BA7BA76DEC45241
5772,26007460,2300291,5290614,01010000209C560000FD875D44C18C414177FA606F9D2E5441
5773,26007470,2799933,5202690,01010000209C560000DD23216F9E5C4541E0335075C0D85341
5774,26007480,2290346,5345549,01010000209C560000019A752B557941417B52194C43645441
5775,26007490,2362729,5329897,01010000209C560000F4D1365DB4064241C5F00026FA545441
5776,26007500,2766978,5200242,01010000209C5600006D3D6B3D411C454139F650695CD65341
5777,26007510,2309691,5245907,01010000209C560000E586DE461D9F4141FB9FC2D4F4025441
5778,26007520,2616615,4919100,01010000209C56000036CBDB5293F64341ECFF24F5CEC35241
5779,26007530,2784310,5201001,01010000209C56000067184A0E1B3E4541FDD2F7581AD75341
5780,26007540,2802202,5204187,01010000209C5600004B5B44F20C614541E49F98A436DA5341
5781,26007550,2558665,5292139,01010000209C56000020DC949864854341339064D91A305441
5782,26007551,2576987,5274415,01010000209C560000F096CA5D2DA9434160B2ABC7CB1E5441
5783,26007560,2292221,5221326,01010000209C560000074F9FB1FE7C41414A751A75F3EA5341
5784,26007570,2638306,5157593,01010000209C560000CC41C017F1204441E374554DB6AC5341
5785,26007571,2547285,5141053,01010000209C560000EC7E275E2A6F43417FA79A428F9C5341
5786,26007572,2486837,5192409,01010000209C560000B32996581AF94241AAC5715CB6CE5341
5787,26007573,2703692,5158512,01010000209C560000551163D4A5A04441E8AA9A079CAD5341
5788,26007600,2825345,5256108,01010000209C56000027EC2DB8408E4541E0F3E60EEB0C5441
5789,26007610,2822913,5255671,01010000209C560000D0BD2C9480894541FC6E49C07D0C5441
5790,26007620,2824877,5256614,01010000209C560000D6F75378568D45417E23A194690D5441
5791,26007630,2617362,4920225,01010000209C5600007EE480FB08F843412E95F245E8C45241
5792,26007650,2824145,5257799,01010000209C560000EE27A7AEE88B4541344D12B4910E5441
5793,26007670,2614874,4920257,01010000209C56000039E9AC3A2DF343411F42312EF0C45241
5794,26007690,2311147,5247635,01010000209C5600009539706CF5A14141673305ACA4045441
5795,26007700,2401784,4939963,01010000209C56000038DC9815FC524241002281A72ED85241
5796,26007710,2401873,4939614,01010000209C560000A3017975285342419AD1FA7BD7D75241
5797,26007720,2382069,5121868,01010000209C5600007A4CC5AB7A2C42412C38D504D3895341
5798,26007730,2298953,5224954,01010000209C560000A1367B81248A4141027274677EEE5341
5799,26007750,2290240,5345558,01010000209C560000BE51E219207941414DE1119545645441
5800,26007760,2494681,4951944,01010000209C560000C3A7D3586C0843415338C91FE2E35241
5801,26007770,2817639,5199312,01010000209C5600004E904D5F337F4541A699F3E073D55341
5802,26007780,2615848,4918591,01010000209C5600009781FD3F14F54341A31899A04FC35241
5803,26007790,2291284,5340487,01010000209C5600005490650C2A7B41410EABDDAC515F5441
5804,26007800,2823446,5257584,01010000209C5600004643A3E58A8A454192B92CE55B0E5441
5805,26007810,2613527,4920162,01010000209C560000A8867B4F8BF043416D7F8D71D8C45241
5806,26007820,2820751,5196285,01010000209C5600005643B36E478545416D7FDF447FD25341
5807,26007830,2816080,5198473,01010000209C560000AA7F0F36287C454171D62039A2D45341
5808,26007840,2618191,4923126,01010000209C560000F04EF15EA7F9434171D90E7CBDC75241
5809,26007850,2816250,5198753,01010000209C5600001FC99BEE7C7C454170D07A32E8D45341
5810,26007851,2816244,5198771,01010000209C560000C65970157A7C45415E3C03C8ECD45341
5811,26007852,2816253,5198761,01010000209C560000626E554A7E7C4541B714A62FEAD45341
5812,26007853,2816249,5198758,01010000209C5600006C9318A47C7C45411542C981E9D45341
5813,26007854,2816240,5198777,01010000209C560000110806D5777C45416FAF4530EED45341
5814,26007855,2816232,5198756,01010000209C5600004A43592C747C45419877561FE9D45341
5815,26007856,2816256,5198757,01010000209C560000927C1918807C45418E9D5450E9D45341
5816,26007857,2816236,5198783,01010000209C560000C94AB624767C45419BC78EBCEFD45341
5817,26007890,2311380,5246313,01010000209C560000BDBB190D6AA241411E309D565A035441
5818,26007900,2797523,5204739,01010000209C560000C6ECA56FE9574541370DE4A6C0DA5341
5819,26007910,2287565,5343482,01010000209C5600008AFCDA52E6734141E5E6F1633E625441
5820,26007920,2616971,4927473,01010000209C5600008A8169AB45F743414657602EFCCB5241
5821,26007930,2824058,5255951,01010000209C5600002A665B1EBD8B4541A0A485D4C30C5441
5822,26007940,2822460,5255637,01010000209C560000E07160379E8845411DA1A921750C5441
5823,26007950,2613367,4917936,01010000209C56000053CBE56F3BF04341D42DD7FCABC25241
5824,26007960,2798379,5205286,01010000209C5600006C34A19D95594541E2BE889D49DB5341
5825,26007970,2799599,5204412,01010000209C560000CFFFA895F75B45417DB6A9136FDA5341
5826,26007971,2796444,5203449,01010000209C56000066A1AFF1CD5545413F64CD347ED95341
5827,26007980,2620551,4925178,01010000209C560000EED71FA543FE4341E1311A96BEC95241
5828,26007990,2617401,4919773,01010000209C560000C022836F1CF843414572C64E77C45241
5829,26008000,2795971,5203456,01010000209C56000034794EBDE1544541E9ABE2F17FD95341
5830,26008010,2300221,5176141,01010000209C560000211F2F839E8C414130ABC34ED3BE5341
5831,26008030,2823297,5259317,01010000209C560000F81D40A4408A4541AEF405210D105441
5832,26008040,2800780,5202268,01010000209C560000BBA8E231465E4541419DA6F856D85341
5833,26008050,2616341,4924788,01010000209C5600000A7E19780AF64341CD8495FB5CC95241
5834,26008060,2494156,4951465,01010000209C56000087412DF665074341501A9D356AE35241
5835,26008070,2621296,4925868,01010000209C5600009C168E14B8FF4341938FEC0F6BCA5241
5836,26008080,2616679,4920007,01010000209C5600006EC488AAB3F643412B5244B7B1C45241
5837,26008090,2823330,5258446,01010000209C5600007D99DE2D518A45411910759A330F5441
5838,26008100,2615572,4918981,01010000209C560000C10213C589F4434153478648B1C35241
5839,26008110,2614805,4919577,01010000209C560000E6C607BC0AF343419DE11D2946C45241
5840,26008120,2310817,5245892,01010000209C560000EE00008350A141418C721CFFF0025441
5841,26008130,2614571,4918214,01010000209C560000615E8B7D95F2434107102583F1C25241
5842,26008140,2823755,5256645,01010000209C560000B27F7E40258B4541F8C4C036710D5441
5843,26008150,2613132,4918334,01010000209C56000048AD0E29C6EF4341B39C84670FC35241
5844,26008160,2799217,5205845,01010000209C560000FDA67D7E385B45417EC81E27D5DB5341
5845,26008170,2618320,4922659,01010000209C560000B4F01405E8F94341FBE322AA48C75241
5846,26008180,2823554,5256910,01010000209C560000439BE5D6C08A4541D2C37299B30D5441
5847,26008190,2310177,5246505,01010000209C560000D64082BD10A04141CE116E5C8A035441
5848,26008210,2784342,5200852,01010000209C560000685B16D22A3E4541D6B26FF4F4D65341
5849,26008230,2613332,4918277,01010000209C560000E8429D072AF043418724B64D01C35241
5850,26008240,2824828,5255386,01010000209C5600008D7188F63D8D4541854BDF73360C5441
5851,26008250,2824828,5255385,01010000209C560000A273A0343E8D4541A1AF912F360C5441
5852,26008260,2299103,5226076,01010000209C5600000C591E7D6F8A4141EB37B2F796EF5341
5853,26008280,2611104,4912996,01010000209C560000274056F3CFEB43416316BDF9D8BD5241
5854,26008290,2815640,5198586,01010000209C56000074DB731A4C7B45410CF22791BED45341
5855,26008300,2614024,4918613,01010000209C56000056C719EE83F14341A00A764F55C35241
5856,26008310,2824048,5258346,01010000209C560000D9E337DCB78B4541A008FC7B1A0F5441
5857,26008330,2494834,4952023,01010000209C560000DE8F4B33B908434150C1EADEF5E35241
5858,26008340,2299168,5226268,01010000209C56000070EEFFD48F8A4141D9186DF0C6EF5341
5859,26008350,2311348,5246265,01010000209C560000C790C7EB59A24141B2E8AA484E035441
5860,26008360,2310853,5105326,01010000209C5600004749DD4D62A1414129044470AB795341
5861,26008370,2669431,5299888,01010000209C56000044A4DAB5BB5D4441ACC971FCAB375441
5862,26008380,2277140,5318707,01010000209C560000ABAF1DC2895F41417E5F59BE0C4A5441
5863,26008390,2617960,4922742,01010000209C5600000061553C34F94341A587B7795DC75241
5864,26008400,2616176,4919715,01010000209C56000009F3BA0BB8F54341E376A0A668C45241
5865,26008410,2610962,4912910,01010000209C560000B998A5FF88EB43419C12FC7AC3BD5241
5866,26008420,2823760,5256628,01010000209C560000EB0A970A288B45417848E8EB6C0D5441
5867,26008500,2291424,5340107,01010000209C5600006B11DC2E707B4141A88FADD7F25E5441
5868,26008510,2494613,4951006,01010000209C5600004FCC4E5D4A0843418271B371F7E25241
5869,26008511,2356359,5010613,01010000209C560000519D845743FA41418B9F39582D1D5341
5870,26008512,2401905,4939653,01010000209C560000083D4BA2385342419D470848E1D75241
5871,26008530,2287231,5346183,01010000209C560000B93EF2653F7341417E7E15D9E1645441
5872,26008540,2284817,5340321,01010000209C56000095E0E5B2886E4141B7CC3143285F5441
5873,26008541,2284664,5340880,01010000209C560000D06518213C6E4141BCDDD913B45F5441
5874,26008550,2320772,5342356,01010000209C56000044E49522C2B441412EF227F324615441
5875,26008560,2824769,5255435,01010000209C560000FAB1F547208D45415E3EABCB420C5441
5876,26008570,2824536,5257155,01010000209C5600004CB12211AC8C45415D7765C8F00D5441
5877,26008580,2824559,5256685,01010000209C560000F8607E61B78C45417436ED337B0D5441
5878,26008600,2613590,4920069,01010000209C56000064994D09ABF04341DE942F27C1C45241
5879,26008610,2405498,5276009,01010000209C560000144E18173D5A4241E7D4EC575A205441
5880,26008620,2822921,5257331,01010000209C560000B07B8FB5848945417154EFA91C0E5441
5882,26008640,2826054,5255178,01010000209C56000055656CC5A28F4541D931A36B020C5441
5883,26008650,2827112,5255074,01010000209C560000B997A0C4B39145415C9B2C73E80B5441
5884,26008660,2799588,5204793,01010000209C56000079F4F02DF25B4541A5546844CEDA5341
5885,26008661,2816038,5198157,01010000209C560000413F99D5127C454156F1904653D45341
5887,26008710,2824516,5257668,01010000209C560000CED628CBA18C45417F51FEEC700E5441
5888,26008720,2785036,5201211,01010000209C5600000741F3D9853F45410186D0BD4ED75341
5889,26008730,2616207,4919917,01010000209C56000082534197C7F54341DC7249299BC45241
5890,26008740,2824890,5251890,01010000209C56000081568C175D8D4541C3EBE078CC085441
5891,26008750,2822863,5251482,01010000209C5600006B2AC988678945410299788266085441
5892,26008760,2824894,5251886,01010000209C56000025A94BF05E8D45417DFF9E7BCB085441
5893,26900010,2619593,4924284,01010000209C56000021E7BE7364FC4341E4959A19DFC85241
5894,26900020,2615414,4918187,01010000209C5600007A1ED9EB3AF4434175DEDBCEEAC25241
5895,260053310,2613424,4917646,01010000209C560000B7847AD757F04341689F0D7563C25241
5896,260053311,2615220,4916545,01010000209C560000BB40D01ADAF343417793B85150C15241
5897,260070210,2301222,5252495,01010000209C560000E59218E7928E4141E804CEBD63095441
5898,260070211,2309247,5215352,01010000209C56000046E58FB13F9E4141280502021EE55341
5899,260070212,2322528,5241477,01010000209C56000019498DF72FB8414168AC3943A1FE5341
